<?xml version="1.0" encoding="UTF-8"?>

<FLOW VERSION="3.0" CLEANUP="true">

  <!-- nodes -->

<MAP TIMEOUT="" MODE="STANDALONE">
  <COMMENT></COMMENT>
  <MAPTARGET>

<Values version="2.0">
  <record name="xml" javaclass="com.wm.util.Values">
    <value name="node_type">record</value>
    <value name="node_subtype">unknown</value>
    <value name="is_public">false</value>
    <value name="field_type">record</value>
    <value name="field_dim">0</value>
    <value name="wrapper_type">IData</value>
    <value name="nillable">true</value>
    <value name="form_qualified">false</value>
    <value name="is_global">false</value>
    <array name="rec_fields" type="record" depth="1">
      <record javaclass="com.wm.util.Values">
        <value name="node_type">record</value>
        <value name="node_subtype">unknown</value>
        <value name="node_comment"></value>
        <record name="node_hints" javaclass="com.wm.util.Values">
          <value name="field_largerEditor">false</value>
          <value name="field_password">false</value>
        </record>
        <value name="is_public">false</value>
        <value name="field_name">jiraProjectPropertiesSource</value>
        <value name="field_type">recref</value>
        <value name="field_dim">0</value>
        <value name="wrapper_type">IData</value>
        <value name="nillable">true</value>
        <value name="form_qualified">false</value>
        <value name="is_global">false</value>
        <value name="modifiable">true</value>
        <value name="rec_ref">wx.monitoring.docs.dbo:JiraProjectPropertiesAPIResponse</value>
      </record>
      <record javaclass="com.wm.util.Values">
        <value name="node_type">record</value>
        <value name="node_subtype">unknown</value>
        <value name="is_public">false</value>
        <value name="field_name">jiraProjectPropertiesView</value>
        <value name="field_type">recref</value>
        <value name="field_dim">0</value>
        <value name="nillable">true</value>
        <value name="form_qualified">false</value>
        <value name="is_global">false</value>
        <value name="modifiable">true</value>
        <value name="rec_ref">wx.monitoring.docs.view:JiraProjectPropertiesView</value>
      </record>
    </array>
    <value name="modifiable">true</value>
  </record>
</Values>
</MAPTARGET>
  <MAPSOURCE>

<Values version="2.0">
  <record name="xml" javaclass="com.wm.util.Values">
    <value name="node_type">record</value>
    <value name="node_subtype">unknown</value>
    <value name="is_public">false</value>
    <value name="field_type">record</value>
    <value name="field_dim">0</value>
    <value name="wrapper_type">IData</value>
    <value name="nillable">true</value>
    <value name="form_qualified">false</value>
    <value name="is_global">false</value>
    <array name="rec_fields" type="record" depth="1">
      <record javaclass="com.wm.util.Values">
        <value name="node_type">record</value>
        <value name="node_subtype">unknown</value>
        <value name="node_comment"></value>
        <record name="node_hints" javaclass="com.wm.util.Values">
          <value name="field_largerEditor">false</value>
          <value name="field_password">false</value>
        </record>
        <value name="is_public">false</value>
        <value name="field_name">jiraProjectPropertiesSource</value>
        <value name="field_type">recref</value>
        <value name="field_dim">0</value>
        <value name="wrapper_type">IData</value>
        <value name="nillable">true</value>
        <value name="form_qualified">false</value>
        <value name="is_global">false</value>
        <value name="modifiable">true</value>
        <value name="rec_ref">wx.monitoring.docs.dbo:JiraProjectPropertiesAPIResponse</value>
      </record>
    </array>
    <value name="modifiable">true</value>
  </record>
</Values>
</MAPSOURCE>

  <!-- nodes -->

<MAPCOPY FROM="/jiraProjectPropertiesSource;4;0;wx.monitoring.docs.dbo:JiraProjectPropertiesAPIResponse/projects;2;1/self;1;0" TO="/jiraProjectPropertiesView;4;0;wx.monitoring.docs.view:JiraProjectPropertiesView/projects;2;1/self;1;0">
</MAPCOPY>

<MAPCOPY FROM="/jiraProjectPropertiesSource;4;0;wx.monitoring.docs.dbo:JiraProjectPropertiesAPIResponse/projects;2;1/id;1;0" TO="/jiraProjectPropertiesView;4;0;wx.monitoring.docs.view:JiraProjectPropertiesView/projects;2;1/id;1;0">
</MAPCOPY>

<MAPCOPY FROM="/jiraProjectPropertiesSource;4;0;wx.monitoring.docs.dbo:JiraProjectPropertiesAPIResponse/projects;2;1/key;1;0" TO="/jiraProjectPropertiesView;4;0;wx.monitoring.docs.view:JiraProjectPropertiesView/projects;2;1/key;1;0">
</MAPCOPY>

<MAPCOPY FROM="/jiraProjectPropertiesSource;4;0;wx.monitoring.docs.dbo:JiraProjectPropertiesAPIResponse/projects;2;1/name;1;0" TO="/jiraProjectPropertiesView;4;0;wx.monitoring.docs.view:JiraProjectPropertiesView/projects;2;1/name;1;0">
</MAPCOPY>
</MAP>

<LOOP TIMEOUT="" IN-ARRAY="/jiraProjectPropertiesSource/projects" OUT-ARRAY="/jiraProjectPropertiesView/projects">
  <COMMENT></COMMENT>

  <!-- nodes -->

<MAP TIMEOUT="" MODE="STANDALONE">
  <COMMENT></COMMENT>
  <MAPTARGET>

<Values version="2.0">
  <record name="xml" javaclass="com.wm.util.Values">
    <value name="node_type">record</value>
    <value name="node_subtype">unknown</value>
    <value name="is_public">false</value>
    <value name="field_type">record</value>
    <value name="field_dim">0</value>
    <value name="wrapper_type">IData</value>
    <value name="nillable">true</value>
    <value name="form_qualified">false</value>
    <value name="is_global">false</value>
    <array name="rec_fields" type="record" depth="1">
      <record javaclass="com.wm.util.Values">
        <value name="node_type">record</value>
        <value name="node_subtype">unknown</value>
        <value name="node_comment"></value>
        <record name="node_hints" javaclass="com.wm.util.Values">
          <value name="field_largerEditor">false</value>
          <value name="field_password">false</value>
        </record>
        <value name="is_public">false</value>
        <value name="field_name">jiraProjectPropertiesSource</value>
        <value name="field_type">recref</value>
        <value name="field_dim">0</value>
        <value name="wrapper_type">IData</value>
        <value name="nillable">true</value>
        <value name="form_qualified">false</value>
        <value name="is_global">false</value>
        <value name="modifiable">true</value>
        <value name="rec_ref">wx.monitoring.docs.dbo:JiraProjectPropertiesAPIResponse</value>
      </record>
      <record javaclass="com.wm.util.Values">
        <value name="node_type">record</value>
        <value name="node_subtype">unknown</value>
        <value name="is_public">false</value>
        <value name="field_name">jiraProjectPropertiesView</value>
        <value name="field_type">recref</value>
        <value name="field_dim">0</value>
        <value name="nillable">true</value>
        <value name="form_qualified">false</value>
        <value name="is_global">false</value>
        <value name="modifiable">true</value>
        <value name="rec_ref">wx.monitoring.docs.view:JiraProjectPropertiesView</value>
      </record>
    </array>
    <value name="modifiable">true</value>
  </record>
</Values>
</MAPTARGET>
  <MAPSOURCE>

<Values version="2.0">
  <record name="xml" javaclass="com.wm.util.Values">
    <value name="node_type">record</value>
    <value name="node_subtype">unknown</value>
    <value name="is_public">false</value>
    <value name="field_type">record</value>
    <value name="field_dim">0</value>
    <value name="wrapper_type">IData</value>
    <value name="nillable">true</value>
    <value name="form_qualified">false</value>
    <value name="is_global">false</value>
    <array name="rec_fields" type="record" depth="1">
      <record javaclass="com.wm.util.Values">
        <value name="node_type">record</value>
        <value name="node_subtype">unknown</value>
        <value name="node_comment"></value>
        <record name="node_hints" javaclass="com.wm.util.Values">
          <value name="field_largerEditor">false</value>
          <value name="field_password">false</value>
        </record>
        <value name="is_public">false</value>
        <value name="field_name">jiraProjectPropertiesSource</value>
        <value name="field_type">recref</value>
        <value name="field_dim">0</value>
        <value name="wrapper_type">IData</value>
        <value name="nillable">true</value>
        <value name="form_qualified">false</value>
        <value name="is_global">false</value>
        <value name="modifiable">true</value>
        <value name="rec_ref">wx.monitoring.docs.dbo:JiraProjectPropertiesAPIResponse</value>
      </record>
      <record javaclass="com.wm.util.Values">
        <value name="node_type">record</value>
        <value name="node_subtype">unknown</value>
        <value name="is_public">false</value>
        <value name="field_name">jiraProjectPropertiesView</value>
        <value name="field_type">recref</value>
        <value name="field_dim">0</value>
        <value name="nillable">true</value>
        <value name="form_qualified">false</value>
        <value name="is_global">false</value>
        <value name="modifiable">true</value>
        <value name="rec_ref">wx.monitoring.docs.view:JiraProjectPropertiesView</value>
      </record>
      <record javaclass="com.wm.util.Values">
        <value name="node_type">unknown</value>
        <value name="node_subtype">unknown</value>
        <value name="is_public">false</value>
        <value name="field_name">$iteration</value>
        <value name="field_type">string</value>
        <value name="field_dim">0</value>
        <value name="nillable">true</value>
        <value name="form_qualified">false</value>
        <value name="is_global">false</value>
      </record>
    </array>
    <value name="modifiable">true</value>
  </record>
</Values>
</MAPSOURCE>

  <!-- nodes -->

<MAPCOPY FROM="/jiraProjectPropertiesSource;4;0;wx.monitoring.docs.dbo:JiraProjectPropertiesAPIResponse/projects;2;0/issuetypes;2;1/self;1;0" TO="/jiraProjectPropertiesView;4;0;wx.monitoring.docs.view:JiraProjectPropertiesView/projects;2;0/issuetypes;2;1/self;1;0">
</MAPCOPY>

<MAPCOPY FROM="/jiraProjectPropertiesSource;4;0;wx.monitoring.docs.dbo:JiraProjectPropertiesAPIResponse/projects;2;0/issuetypes;2;1/id;1;0" TO="/jiraProjectPropertiesView;4;0;wx.monitoring.docs.view:JiraProjectPropertiesView/projects;2;0/issuetypes;2;1/id;1;0">
</MAPCOPY>

<MAPCOPY FROM="/jiraProjectPropertiesSource;4;0;wx.monitoring.docs.dbo:JiraProjectPropertiesAPIResponse/projects;2;0/issuetypes;2;1/description;1;0" TO="/jiraProjectPropertiesView;4;0;wx.monitoring.docs.view:JiraProjectPropertiesView/projects;2;0/issuetypes;2;1/description;1;0">
</MAPCOPY>

<MAPCOPY FROM="/jiraProjectPropertiesSource;4;0;wx.monitoring.docs.dbo:JiraProjectPropertiesAPIResponse/projects;2;0/issuetypes;2;1/name;1;0" TO="/jiraProjectPropertiesView;4;0;wx.monitoring.docs.view:JiraProjectPropertiesView/projects;2;0/issuetypes;2;1/name;1;0">
</MAPCOPY>
</MAP>

<LOOP TIMEOUT="" IN-ARRAY="/jiraProjectPropertiesSource/projects/issuetypes" OUT-ARRAY="/jiraProjectPropertiesView/projects/issuetypes">
  <COMMENT></COMMENT>

  <!-- nodes -->

<MAP TIMEOUT="" MODE="STANDALONE">
  <COMMENT></COMMENT>
  <MAPTARGET>

<Values version="2.0">
  <record name="xml" javaclass="com.wm.util.Values">
    <value name="node_type">record</value>
    <value name="node_subtype">unknown</value>
    <value name="is_public">false</value>
    <value name="field_type">record</value>
    <value name="field_dim">0</value>
    <value name="wrapper_type">IData</value>
    <value name="nillable">true</value>
    <value name="form_qualified">false</value>
    <value name="is_global">false</value>
    <array name="rec_fields" type="record" depth="1">
      <record javaclass="com.wm.util.Values">
        <value name="node_type">record</value>
        <value name="node_subtype">unknown</value>
        <value name="node_comment"></value>
        <record name="node_hints" javaclass="com.wm.util.Values">
          <value name="field_largerEditor">false</value>
          <value name="field_password">false</value>
        </record>
        <value name="is_public">false</value>
        <value name="field_name">jiraProjectPropertiesSource</value>
        <value name="field_type">recref</value>
        <value name="field_dim">0</value>
        <value name="wrapper_type">IData</value>
        <value name="nillable">true</value>
        <value name="form_qualified">false</value>
        <value name="is_global">false</value>
        <value name="modifiable">true</value>
        <value name="rec_ref">wx.monitoring.docs.dbo:JiraProjectPropertiesAPIResponse</value>
      </record>
      <record javaclass="com.wm.util.Values">
        <value name="node_type">record</value>
        <value name="node_subtype">unknown</value>
        <value name="is_public">false</value>
        <value name="field_name">jiraProjectPropertiesView</value>
        <value name="field_type">recref</value>
        <value name="field_dim">0</value>
        <value name="nillable">true</value>
        <value name="form_qualified">false</value>
        <value name="is_global">false</value>
        <value name="modifiable">true</value>
        <value name="rec_ref">wx.monitoring.docs.view:JiraProjectPropertiesView</value>
      </record>
    </array>
    <value name="modifiable">true</value>
  </record>
</Values>
</MAPTARGET>
  <MAPSOURCE>

<Values version="2.0">
  <record name="xml" javaclass="com.wm.util.Values">
    <value name="node_type">record</value>
    <value name="node_subtype">unknown</value>
    <value name="is_public">false</value>
    <value name="field_type">record</value>
    <value name="field_dim">0</value>
    <value name="wrapper_type">IData</value>
    <value name="nillable">true</value>
    <value name="form_qualified">false</value>
    <value name="is_global">false</value>
    <array name="rec_fields" type="record" depth="1">
      <record javaclass="com.wm.util.Values">
        <value name="node_type">record</value>
        <value name="node_subtype">unknown</value>
        <value name="node_comment"></value>
        <record name="node_hints" javaclass="com.wm.util.Values">
          <value name="field_largerEditor">false</value>
          <value name="field_password">false</value>
        </record>
        <value name="is_public">false</value>
        <value name="field_name">jiraProjectPropertiesSource</value>
        <value name="field_type">recref</value>
        <value name="field_dim">0</value>
        <value name="wrapper_type">IData</value>
        <value name="nillable">true</value>
        <value name="form_qualified">false</value>
        <value name="is_global">false</value>
        <value name="modifiable">true</value>
        <value name="rec_ref">wx.monitoring.docs.dbo:JiraProjectPropertiesAPIResponse</value>
      </record>
      <record javaclass="com.wm.util.Values">
        <value name="node_type">record</value>
        <value name="node_subtype">unknown</value>
        <value name="is_public">false</value>
        <value name="field_name">jiraProjectPropertiesView</value>
        <value name="field_type">recref</value>
        <value name="field_dim">0</value>
        <value name="nillable">true</value>
        <value name="form_qualified">false</value>
        <value name="is_global">false</value>
        <value name="modifiable">true</value>
        <value name="rec_ref">wx.monitoring.docs.view:JiraProjectPropertiesView</value>
      </record>
      <record javaclass="com.wm.util.Values">
        <value name="node_type">unknown</value>
        <value name="node_subtype">unknown</value>
        <value name="is_public">false</value>
        <value name="field_name">$iteration</value>
        <value name="field_type">string</value>
        <value name="field_dim">0</value>
        <value name="nillable">true</value>
        <value name="form_qualified">false</value>
        <value name="is_global">false</value>
      </record>
    </array>
    <value name="modifiable">true</value>
  </record>
</Values>
</MAPSOURCE>

  <!-- nodes -->

<MAPCOPY FROM="/jiraProjectPropertiesSource;4;0;wx.monitoring.docs.dbo:JiraProjectPropertiesAPIResponse/projects;2;0/issuetypes;2;0/fields;2;0/priority;2;0/allowedValues;2;1/name;1;0" TO="/jiraProjectPropertiesView;4;0;wx.monitoring.docs.view:JiraProjectPropertiesView/projects;2;0/issuetypes;2;0/priority;2;0/allowedValues;2;1/name;1;0">
</MAPCOPY>

<MAPCOPY FROM="/jiraProjectPropertiesSource;4;0;wx.monitoring.docs.dbo:JiraProjectPropertiesAPIResponse/projects;2;0/issuetypes;2;0/fields;2;0/priority;2;0/allowedValues;2;1/id;1;0" TO="/jiraProjectPropertiesView;4;0;wx.monitoring.docs.view:JiraProjectPropertiesView/projects;2;0/issuetypes;2;0/priority;2;0/allowedValues;2;1/id;1;0">
</MAPCOPY>
</MAP>
</LOOP>
</LOOP>
</FLOW>
